Label,# Samples,Average,Median,90% Line,95% Line,99% Line,Min,Max,Error %,Throughput,Received KB/sec,Sent KB/sec
Token Generation,300,16313,19152,33194,44883,55075,327,58434,0.000%,5.11396,5.58,1.57
Transfer Fund,300,25535,20303,54039,57956,64794,2705,69760,0.333%,4.27326,6.51,9.32
TOTAL,600,20924,19807,45267,56383,62521,327,69760,0.167%,8.49943,11.11,10.58
