Label,# Samples,Average,Median,90% Line,95% Line,99% Line,Min,Max,Error %,Throughput,Received KB/sec,Sent KB/sec
Token Generation,100,4363,4406,8072,8106,16945,307,18806,0.000%,5.21785,5.69,1.60
Transfer Fund,100,10890,9926,17339,18065,21484,1559,22362,0.000%,4.44662,6.78,9.70
TOTAL,200,7627,7984,16688,17399,21031,307,22362,0.000%,8.76693,11.47,10.91
