{
  "Get Payment Methods" : {
    "transaction" : "Get Payment Methods",
    "sampleCount" : 50,
    "errorCount" : 0,
    "errorPct" : 0.0,
    "meanResTime" : 387.25999999999993,
    "medianResTime" : 301.0,
    "minResTime" : 274.0,
    "maxResTime" : 1087.0,
    "pct1ResTime" : 612.6999999999999,
    "pct2ResTime" : 1062.85,
    "pct3ResTime" : 1087.0,
    "throughput" : 17.611835153222966,
    "receivedKBytesPerSec" : 23.62118593694963,
    "sentKBytesPerSec" : 7.17200708876365
  },
  "Token Generation" : {
    "transaction" : "Token Generation",
    "sampleCount" : 50,
    "errorCount" : 0,
    "errorPct" : 0.0,
    "meanResTime" : 544.18,
    "medianResTime" : 425.5,
    "minResTime" : 314.0,
    "maxResTime" : 1419.0,
    "pct1ResTime" : 1075.0999999999997,
    "pct2ResTime" : 1218.0499999999995,
    "pct3ResTime" : 1419.0,
    "throughput" : 13.051422605063951,
    "receivedKBytesPerSec" : 14.236756884625425,
    "sentKBytesPerSec" : 5.860394642391021
  },
  "Check User Exist" : {
    "transaction" : "Check User Exist",
    "sampleCount" : 50,
    "errorCount" : 0,
    "errorPct" : 0.0,
    "meanResTime" : 559.6600000000002,
    "medianResTime" : 524.0,
    "minResTime" : 369.0,
    "maxResTime" : 1563.0,
    "pct1ResTime" : 806.9,
    "pct2ResTime" : 866.4,
    "pct3ResTime" : 1563.0,
    "throughput" : 15.513496742165685,
    "receivedKBytesPerSec" : 15.301398153893889,
    "sentKBytesPerSec" : 8.953590404902265
  },
  "Total" : {
    "transaction" : "Total",
    "sampleCount" : 150,
    "errorCount" : 0,
    "errorPct" : 0.0,
    "meanResTime" : 497.0333333333334,
    "medianResTime" : 402.5,
    "minResTime" : 274.0,
    "maxResTime" : 1563.0,
    "pct1ResTime" : 855.1000000000003,
    "pct2ResTime" : 1083.6999999999998,
    "pct3ResTime" : 1489.5600000000013,
    "throughput" : 33.385265969285555,
    "receivedKBytesPerSec" : 38.040945637658574,
    "sentKBytesPerSec" : 15.951462691965277
  }
}